sample_id,method,temperature_c,pressure_mpa,density_g_cm3,hardness_hv,conductivity_s_cm,porosity_percent
A01,A,780,20,4.12,510,1.10,18.2
A02,A,790,20,4.15,518,1.16,17.9
A03,A,800,22,4.18,525,1.22,17.5
A04,A,810,22,4.20,531,1.29,17.2
A05,A,820,24,4.23,538,1.35,16.8
A06,A,830,24,4.26,544,1.42,16.5
A07,A,840,26,4.28,550,1.48,16.1
A08,A,850,26,4.31,557,1.55,15.8
A09,A,860,28,4.34,563,1.62,15.4
A10,A,870,28,4.36,570,1.69,15.1
B01,B,780,20,4.20,548,1.30,16.9
B02,B,790,20,4.23,555,1.37,16.6
B03,B,800,22,4.26,562,1.44,16.2
B04,B,810,22,4.29,570,1.52,15.9
B05,B,820,24,4.32,577,1.59,15.5
B06,B,830,24,4.35,585,1.67,15.2
B07,B,840,26,4.38,592,1.74,14.8
B08,B,850,26,4.41,600,1.82,14.5
B09,B,860,28,4.44,607,1.89,14.1
B10,B,870,28,4.47,615,1.97,13.8
C01,C,780,20,4.08,492,0.96,19.1
C02,C,790,20,4.11,498,1.01,18.8
C03,C,800,22,4.14,505,1.07,18.4
C04,C,810,22,4.16,511,1.12,18.1
C05,C,820,24,4.19,518,1.18,17.7
C06,C,830,24,4.22,524,1.24,17.4
C07,C,840,26,4.24,531,1.30,17.0
C08,C,850,26,4.27,537,1.36,16.7
C09,C,860,28,4.30,544,1.42,16.3
C10,C,870,28,4.33,550,1.48,16.0
